{
  "name": "acks",
  "title": "Adventurer Conqueror King System",
  "description": "Play B/X OSR modules with ACKS on Foundry VTT",
  "version": "0.5.0",
  "minimumCoreVersion": "0.6.2",
  "compatibleCoreVersion": "0.6.6",
  "templateVersion": 2,
  "author": "The Happy Anarchist",
  "esmodules": ["acks.js"],
  "styles": ["acks.css"],
  "packs": [],
  "languages": [
    {
      "lang": "en",
      "name": "English",
      "path": "lang/en.json"
    },
    {
      "lang": "fr",
      "name": "French (FRANCE)",
      "path": "lang/fr.json"
    },
    {
    "lang": "pt-BR",
    "name": "Português (Brasil)",
    "path": "lang/pt-BR.json"
    },
    {
      "lang": "fr",
      "name": "French (FRANCE)",
      "path": "lang/fr.json"
    },
    {
      "lang": "es",
      "name": "Spanish",
      "path": "lang/es.json"
    }
  ],
  "gridDistance": 5,
  "gridUnits": "ft",
  "url": "https://github.com/thehappyanarchist/foundryacks",
  "manifest": "https://github.com/thehappyanarchist/foundryacks/raw/master/src/system.json",
  "download": "https://github.com/thehappyanarchist/foundryacks/-/raw/master/package/ose-v1.0.0.zip"
}
